{"cameraMode":{"drawMode":0,"name":"Shaded","section":"Shading Mode"},"sceneLighting":false,"audioPlay":false,"sceneViewState":{"showFog":true,"showMaterialUpdate":false,"showSkybox":false,"showFlares":true,"showImageEffects":true,"showParticleSystems":true},"in2DMode":false,"pivot":{"x":2.9199984073638918,"y":0.4036363363265991,"z":13.351563453674317},"rotation":{"x":-0.01598198525607586,"y":-0.7132592797279358,"z":0.016273239627480508,"w":-0.700529158115387},"size":5.053830623626709,"orthographic":false}