{"cameraMode":{"drawMode":0,"name":"Shaded","section":"Shading Mode"},"sceneLighting":false,"audioPlay":false,"sceneViewState":{"showFog":true,"showMaterialUpdate":false,"showSkybox":false,"showFlares":true,"showImageEffects":true,"showParticleSystems":true},"in2DMode":false,"pivot":{"x":8.298877716064454,"y":-1.282734990119934,"z":37.40570831298828},"rotation":{"x":-0.06321022659540177,"y":-0.04280326887965202,"z":0.002714104251936078,"w":-0.9970782399177551},"size":21.628267288208009,"orthographic":false}