{"cameraMode":{"drawMode":0,"name":"Shaded","section":"Shading Mode"},"sceneLighting":true,"audioPlay":false,"sceneViewState":{"showFog":true,"showMaterialUpdate":false,"showSkybox":true,"showFlares":true,"showImageEffects":true,"showParticleSystems":true},"in2DMode":false,"pivot":{"x":0.7681797742843628,"y":3.2565903663635256,"z":1.3455843925476075},"rotation":{"x":-0.19867601990699769,"y":0.1105777695775032,"z":-0.022565597668290139,"w":-0.9735456705093384},"size":7.693071365356445,"orthographic":false}