{"cameraMode":{"drawMode":0,"name":"Shaded","section":"Shading Mode"},"sceneLighting":false,"audioPlay":false,"sceneViewState":{"showFog":true,"showMaterialUpdate":false,"showSkybox":false,"showFlares":true,"showImageEffects":true,"showParticleSystems":true},"in2DMode":false,"pivot":{"x":-0.5394999384880066,"y":2.4775760173797609,"z":5.0889058113098148},"rotation":{"x":-0.011002580635249615,"y":-0.6952650547027588,"z":0.01064625009894371,"w":-0.7185903787612915},"size":1.6804119348526,"orthographic":false}