{"cameraMode":{"drawMode":0,"name":"Shaded","section":"Shading Mode"},"sceneLighting":false,"audioPlay":false,"sceneViewState":{"showFog":true,"showMaterialUpdate":false,"showSkybox":false,"showFlares":true,"showImageEffects":true,"showParticleSystems":true},"in2DMode":false,"pivot":{"x":13.943964004516602,"y":1.7657469511032105,"z":67.43877410888672},"rotation":{"x":-0.003310548374429345,"y":0.003597618779167533,"z":-0.000011836913472507149,"w":-0.9999880790710449},"size":73.29498291015625,"orthographic":false}